initial_q50,initial_cv,initial_minmax_ratio,initial_nmadydt,final_q50,final_cv,final_minmax_ratio,final_nmadydt,cv_total,minmax_ratio_total,nmadydt_total,prob_stochastic,pred_label
4.9999999999305516,0.15207611539102736,1.9999999999996002e-13,0.02580510337963478,4.999999999999999,0.10753966751301577,1.9999999999996002e-13,0.01303029972616925,0.10753966751301577,1.9999999999996002e-13,0.01303029972616925,1.0,1
2271.986113865598,0.3561000144816843,4.0301723195744996e-16,0.021804795049723803,2481.2834804680965,0.25471273543470047,4.0002017876446027e-16,0.010152268444556344,0.25471273543470047,4.0002017876446027e-16,0.010152268444556344,0.0,0
